"price","mileage","cylinder","doors","cadillac","chevy","hatchback"
0.142085071145893,0.0175594506956971,0.532212751704628,0.567345870810313,-0.326134621888922,-0.806393665494097,-0.277134680528182
0.0458259165107715,-0.786821963565977,0.532212751704628,-1.75985629990205,-0.326134621888922,1.2381635021366,-0.277134680528182
0.808636834139231,1.41506326157451,-0.907892341143189,-1.75985629990205,-0.326134621888922,-0.806393665494097,-0.277134680528182
0.972067816063908,0.30480395693174,-0.907892341143189,-1.75985629990205,-0.326134621888922,-0.806393665494097,-0.277134680528182
1.24220203593718,-0.286745491673152,-0.907892341143189,-1.75985629990205,-0.326134621888922,-0.806393665494097,-0.277134680528182
0.929208613596834,0.444675334020563,-0.907892341143189,-1.75985629990205,-0.326134621888922,-0.806393665494097,-0.277134680528182
1.24457241916262,-0.312033655870007,-0.907892341143189,-1.75985629990205,-0.326134621888922,-0.806393665494097,-0.277134680528182
0.922611646832761,0.919342645715592,-0.907892341143189,-1.75985629990205,-0.326134621888922,-0.806393665494097,-0.277134680528182
0.913955891688068,0.615763679352394,-0.907892341143189,-1.75985629990205,-0.326134621888922,-0.806393665494097,-0.277134680528182
0.463908042455269,0.145210231689389,-0.907892341143189,0.567345870810313,-0.326134621888922,-0.806393665494097,-0.277134680528182
0.397873587767595,0.279757784736769,-0.907892341143189,0.567345870810313,-0.326134621888922,-0.806393665494097,-0.277134680528182
0.297623345367646,0.853641817204146,-0.907892341143189,0.567345870810313,-0.326134621888922,-0.806393665494097,-0.277134680528182
0.673225735834305,-1.2034111948089,-0.907892341143189,0.567345870810313,-0.326134621888922,-0.806393665494097,-0.277134680528182
0.557239439588082,0.374497653474268,-0.907892341143189,0.567345870810313,-0.326134621888922,-0.806393665494097,-0.277134680528182
0.71022942329676,-0.0128105455407169,-0.907892341143189,0.567345870810313,-0.326134621888922,-0.806393665494097,-0.277134680528182
0.613116725027315,0.392526057614609,-0.907892341143189,0.567345870810313,-0.326134621888922,-0.806393665494097,-0.277134680528182
0.979134746009771,-1.44504020868985,-0.907892341143189,0.567345870810313,-0.326134621888922,-0.806393665494097,-0.277134680528182
0.733951766135986,-0.646950586477154,-0.907892341143189,0.567345870810313,-0.326134621888922,-0.806393665494097,-0.277134680528182
0.55262824723109,0.31823451303629,-0.907892341143189,0.567345870810313,-0.326134621888922,-0.806393665494097,-0.277134680528182
0.651106615315451,0.353444349310379,-0.907892341143189,0.567345870810313,-0.326134621888922,-0.806393665494097,-0.277134680528182
0.669406385162167,0.825933732988454,-0.907892341143189,0.567345870810313,-0.326134621888922,-0.806393665494097,-0.277134680528182
0.895439136652386,-0.180994986849942,-0.907892341143189,0.567345870810313,-0.326134621888922,-0.806393665494097,-0.277134680528182
0.814301073100496,0.114598243451092,-0.907892341143189,0.567345870810313,-0.326134621888922,-0.806393665494097,-0.277134680528182
0.566928702386382,0.653030447642495,-0.907892341143189,0.567345870810313,-0.326134621888922,-0.806393665494097,-0.277134680528182
0.826979795350576,0.191793692052016,-0.907892341143189,0.567345870810313,-0.326134621888922,-0.806393665494097,-0.277134680528182
1.34855871460292,0.492589750393551,-0.907892341143189,-1.75985629990205,-0.326134621888922,-0.806393665494097,-0.277134680528182
1.75289261783988,-0.952223496853539,-0.907892341143189,-1.75985629990205,-0.326134621888922,-0.806393665494097,-0.277134680528182
1.44229323113893,0.161302699814661,-0.907892341143189,-1.75985629990205,-0.326134621888922,-0.806393665494097,-0.277134680528182
0.77112719069113,3.51264993390309,-0.907892341143189,-1.75985629990205,-0.326134621888922,-0.806393665494097,-0.277134680528182
1.23084579213739,0.857997673238054,-0.907892341143189,-1.75985629990205,-0.326134621888922,-0.806393665494097,-0.277134680528182
1.47065967404154,0.146057203695983,-0.907892341143189,-1.75985629990205,-0.326134621888922,-0.806393665494097,-0.277134680528182
0.909387890695705,-0.652395406519539,-0.907892341143189,0.567345870810313,-0.326134621888922,-0.806393665494097,-0.277134680528182
1.12276454398398,-1.94717361259869,-0.907892341143189,0.567345870810313,-0.326134621888922,-0.806393665494097,-0.277134680528182
0.599539211046636,0.319202481043825,-0.907892341143189,0.567345870810313,-0.326134621888922,-0.806393665494097,-0.277134680528182
0.933159595094507,-1.05107722962306,-0.907892341143189,0.567345870810313,-0.326134621888922,-0.806393665494097,-0.277134680528182
0.721128044304655,0.286533560789515,-0.907892341143189,0.567345870810313,-0.326134621888922,-0.806393665494097,-0.277134680528182
1.22416038591241,-1.22990931901517,-0.907892341143189,0.567345870810313,-0.326134621888922,-0.806393665494097,-0.277134680528182
0.742847130517784,1.04517848669516,-0.907892341143189,0.567345870810313,-0.326134621888922,-0.806393665494097,-0.277134680528182
1.41439675141812,-2.21227585066236,-0.907892341143189,0.567345870810313,-0.326134621888922,-0.806393665494097,-0.277134680528182
0.88077566836105,0.385145301557154,-0.907892341143189,0.567345870810313,-0.326134621888922,-0.806393665494097,-0.277134680528182
0.904612159806795,0.253138664529554,-0.907892341143189,0.567345870810313,-0.326134621888922,-0.806393665494097,-0.277134680528182
0.696778398312492,0.764225772508091,-0.907892341143189,0.567345870810313,-0.326134621888922,-0.806393665494097,-0.277134680528182
0.735634172624844,0.639720887538887,-0.907892341143189,0.567345870810313,-0.326134621888922,-0.806393665494097,-0.277134680528182
1.17920023206591,-1.45629283677745,-0.907892341143189,0.567345870810313,-0.326134621888922,-0.806393665494097,-0.277134680528182
0.999914934225146,-0.589598482030699,-0.907892341143189,0.567345870810313,-0.326134621888922,-0.806393665494097,-0.277134680528182
0.776379054956776,0.791691864721899,-0.907892341143189,0.567345870810313,-0.326134621888922,-0.806393665494097,-0.277134680528182
1.08697432819442,-0.36345695627031,-0.907892341143189,0.567345870810313,-0.326134621888922,-0.806393665494097,-0.277134680528182
1.05664782003035,0.0173174586938133,-0.907892341143189,0.567345870810313,-0.326134621888922,-0.806393665494097,-0.277134680528182
0.760855872836171,0.655813355664159,-0.907892341143189,0.567345870810313,-0.326134621888922,-0.806393665494097,-0.277134680528182
0.892812690336651,0.00666981061092709,-0.907892341143189,0.567345870810313,-0.326134621888922,-0.806393665494097,-0.277134680528182
0.955954351960048,0.282903680761258,-0.907892341143189,0.567345870810313,-0.326134621888922,-0.806393665494097,-0.277134680528182
-0.406628308751323,-0.00797070550304141,-0.907892341143189,0.567345870810313,-0.326134621888922,-0.806393665494097,-0.277134680528182
-0.502609804613834,-0.225521515196557,-0.907892341143189,0.567345870810313,-0.326134621888922,-0.806393665494097,-0.277134680528182
-0.593788832075998,0.517756918589464,-0.907892341143189,0.567345870810313,-0.326134621888922,-0.806393665494097,-0.277134680528182
-0.615122281104946,0.375344625480861,-0.907892341143189,0.567345870810313,-0.326134621888922,-0.806393665494097,-0.277134680528182
-0.53482439243166,0.341102757214307,-0.907892341143189,0.567345870810313,-0.326134621888922,-0.806393665494097,-0.277134680528182
-0.486228965395607,-0.0518922538449469,-0.907892341143189,0.567345870810313,-0.326134621888922,-0.806393665494097,-0.277134680528182
-0.692348441060494,1.62305538719361,-0.907892341143189,0.567345870810313,-0.326134621888922,-0.806393665494097,-0.277134680528182
1.64636728717892,1.46152572593619,1.97231784455245,-1.75985629990205,-0.326134621888922,1.2381635021366,-0.277134680528182
2.61752203575063,-1.97645464482662,1.97231784455245,-1.75985629990205,-0.326134621888922,1.2381635021366,-0.277134680528182
1.87863913412629,0.467785570200464,1.97231784455245,-1.75985629990205,-0.326134621888922,1.2381635021366,-0.277134680528182
1.61366114049699,1.27555487248851,1.97231784455245,-1.75985629990205,-0.326134621888922,1.2381635021366,-0.277134680528182
-1.03620620689112,0.895869421532865,-0.907892341143189,-1.75985629990205,-0.326134621888922,1.2381635021366,-0.277134680528182
-0.847118526011355,-0.768672563424694,-0.907892341143189,-1.75985629990205,-0.326134621888922,1.2381635021366,-0.277134680528182
-0.932884235773429,0.429792825904711,-0.907892341143189,-1.75985629990205,-0.326134621888922,1.2381635021366,-0.277134680528182
-0.982438099757902,0.380305461519479,-0.907892341143189,-1.75985629990205,-0.326134621888922,1.2381635021366,-0.277134680528182
-1.04171104914959,1.75288409620426,-0.907892341143189,-1.75985629990205,-0.326134621888922,1.2381635021366,-0.277134680528182
-1.07879906260965,1.38856513736824,-0.907892341143189,-1.75985629990205,-0.326134621888922,1.2381635021366,-0.277134680528182
-0.8956296270498,0.30480395693174,-0.907892341143189,-1.75985629990205,-0.326134621888922,1.2381635021366,-0.277134680528182
-0.746125803486128,-0.748224239265515,-0.907892341143189,-1.75985629990205,-0.326134621888922,1.2381635021366,-0.277134680528182
-0.881564667668315,0.914865793680742,-0.907892341143189,-1.75985629990205,-0.326134621888922,1.2381635021366,-0.277134680528182
-0.867346481778981,0.293067344840377,-0.907892341143189,-1.75985629990205,-0.326134621888922,1.2381635021366,-0.277134680528182
-0.861920823688997,0.392042073610842,-0.907892341143189,-1.75985629990205,-0.326134621888922,1.2381635021366,-0.277134680528182
1.89571823373934,-1.33009400779506,1.97231784455245,-1.75985629990205,-0.326134621888922,1.2381635021366,-0.277134680528182
1.91239627068084,-1.56155935759689,1.97231784455245,-1.75985629990205,-0.326134621888922,1.2381635021366,-0.277134680528182
1.0188378937615,1.72190911996314,1.97231784455245,-1.75985629990205,-0.326134621888922,1.2381635021366,-0.277134680528182
1.82136121443411,-1.2764927793778,1.97231784455245,-1.75985629990205,-0.326134621888922,1.2381635021366,-0.277134680528182
1.43786611626452,0.168199471868348,1.97231784455245,-1.75985629990205,-0.326134621888922,1.2381635021366,-0.277134680528182
0.626436119186048,0.604995035268565,1.97231784455245,-1.75985629990205,-0.326134621888922,-0.806393665494097,-0.277134680528182
1.00219173616056,-0.76008184735782,1.97231784455245,-1.75985629990205,-0.326134621888922,-0.806393665494097,-0.277134680528182
0.742780286739193,0.875905081377454,1.97231784455245,-1.75985629990205,-0.326134621888922,-0.806393665494097,-0.277134680528182
1.12505265794346,-1.09439379796026,1.97231784455245,-1.75985629990205,-0.326134621888922,-0.806393665494097,-0.277134680528182
0.855230032915011,-0.455776904988971,1.97231784455245,-1.75985629990205,-0.326134621888922,-0.806393665494097,-0.277134680528182
0.862316501811539,0.176427199932397,1.97231784455245,-1.75985629990205,-0.326134621888922,-0.806393665494097,-0.277134680528182
0.644707094789679,0.746076372366807,1.97231784455245,-1.75985629990205,-0.326134621888922,-0.806393665494097,-0.277134680528182
-0.834958100136817,-0.824572715859847,-0.907892341143189,-1.75985629990205,-0.326134621888922,-0.806393665494097,-0.277134680528182
-0.868653534741902,0.0796303991788858,-0.907892341143189,-1.75985629990205,-0.326134621888922,-0.806393665494097,-0.277134680528182
-0.927640598434379,0.527315602663873,-0.907892341143189,-1.75985629990205,-0.326134621888922,-0.806393665494097,-0.277134680528182
-0.90638941867139,0.480490150299362,-0.907892341143189,-1.75985629990205,-0.326134621888922,-0.806393665494097,-0.277134680528182
-0.869109100802149,-0.106340454268797,-0.907892341143189,-1.75985629990205,-0.326134621888922,-0.806393665494097,-0.277134680528182
-0.964225741006268,0.644318735574679,-0.907892341143189,-1.75985629990205,-0.326134621888922,-0.806393665494097,-0.277134680528182
-0.360588370789116,0.616126667355219,0.532212751704628,0.567345870810313,-0.326134621888922,-0.806393665494097,-0.277134680528182
-0.301361697859534,0.470931466224953,0.532212751704628,0.567345870810313,-0.326134621888922,-0.806393665494097,-0.277134680528182
-0.0597800551030968,-2.05304511342284,0.532212751704628,0.567345870810313,-0.326134621888922,-0.806393665494097,-0.277134680528182
-0.139367342991663,-0.0193443295915789,0.532212751704628,0.567345870810313,-0.326134621888922,-0.806393665494097,-0.277134680528182
-0.356965437989454,1.56521929874339,0.532212751704628,0.567345870810313,-0.326134621888922,-0.806393665494097,-0.277134680528182
-0.0762328799290373,-0.592139398050479,0.532212751704628,0.567345870810313,-0.326134621888922,-0.806393665494097,-0.277134680528182
-0.199011532445986,0.460404814143009,0.532212751704628,0.567345870810313,-0.326134621888922,-0.806393665494097,-0.277134680528182
-0.078906631072699,-0.40253866457454,0.532212751704628,0.567345870810313,-0.326134621888922,-0.806393665494097,-0.277134680528182
0.257762857644771,-1.13529044627862,0.532212751704628,0.567345870810313,-0.326134621888922,-0.806393665494097,-0.277134680528182
0.111010941027421,-1.32973101979223,0.532212751704628,0.567345870810313,-0.326134621888922,-0.806393665494097,-0.277134680528182
0.063385262963858,-0.417663164692276,0.532212751704628,0.567345870810313,-0.326134621888922,-0.806393665494097,-0.277134680528182
0.169340878958052,-0.677199586712626,0.532212751704628,0.567345870810313,-0.326134621888922,-0.806393665494097,-0.277134680528182
-0.0227527152266794,0.545585998806098,0.532212751704628,0.567345870810313,-0.326134621888922,-0.806393665494097,-0.277134680528182
0.00636237799614823,0.635486027505921,0.532212751704628,0.567345870810313,-0.326134621888922,-0.806393665494097,-0.277134680528182
-0.0301692895528673,0.863442493280439,0.532212751704628,0.567345870810313,-0.326134621888922,-0.806393665494097,-0.277134680528182
0.0415088367795823,0.825086760981861,0.532212751704628,0.567345870810313,-0.326134621888922,-0.806393665494097,-0.277134680528182
0.0534522774651545,0.541956118777842,0.532212751704628,0.567345870810313,-0.326134621888922,-0.806393665494097,-0.277134680528182
0.222980440363205,-0.508773153401518,0.532212751704628,0.567345870810313,-0.326134621888922,-0.806393665494097,-0.277134680528182
0.178587944451824,-0.219350719148521,0.532212751704628,0.567345870810313,-0.326134621888922,-0.806393665494097,-0.277134680528182
0.233217822145956,-0.450695072949411,0.532212751704628,0.567345870810313,-0.326134621888922,-0.806393665494097,-0.277134680528182
1.78121689774368,-0.341435684098886,1.97231784455245,0.567345870810313,3.06145725708633,-0.806393665494097,-0.277134680528182
1.52181778871221,0.242733008448551,1.97231784455245,0.567345870810313,3.06145725708633,-0.806393665494097,-0.277134680528182
1.44580612879538,0.629557223459769,1.97231784455245,0.567345870810313,3.06145725708633,-0.806393665494097,-0.277134680528182
1.85389870912082,-0.474168297132138,1.97231784455245,0.567345870810313,3.06145725708633,-0.806393665494097,-0.277134680528182
1.90475551260492,-0.709626514965053,1.97231784455245,0.567345870810313,3.06145725708633,-0.806393665494097,-0.277134680528182
1.15771355652912,2.64607657515728,1.97231784455245,0.567345870810313,3.06145725708633,-0.806393665494097,-0.277134680528182
1.6691260512406,0.197601500097227,1.97231784455245,0.567345870810313,3.06145725708633,-0.806393665494097,-0.277134680528182
1.20059126958103,1.94974458973671,1.97231784455245,0.567345870810313,3.06145725708633,-0.806393665494097,-0.277134680528182
1.53902851915079,0.761079876483602,1.97231784455245,0.567345870810313,3.06145725708633,-0.806393665494097,-0.277134680528182
2.01323165323493,-0.867405300193275,1.97231784455245,0.567345870810313,3.06145725708633,-0.806393665494097,-0.277134680528182
2.06687738483503,-1.43197264058813,1.97231784455245,0.567345870810313,3.06145725708633,-0.806393665494097,-0.277134680528182
1.63878103249169,0.272377028679314,1.97231784455245,0.567345870810313,3.06145725708633,-0.806393665494097,-0.277134680528182
-0.419219619906321,-1.28012265940606,0.532212751704628,-1.75985629990205,-0.326134621888922,-0.806393665494097,-0.277134680528182
-0.619644005635207,0.11580820346051,0.532212751704628,-1.75985629990205,-0.326134621888922,-0.806393665494097,-0.277134680528182
-0.676279196687086,0.408376533737997,0.532212751704628,-1.75985629990205,-0.326134621888922,-0.806393665494097,-0.277134680528182
-0.461398044197585,-0.954522420871435,0.532212751704628,-1.75985629990205,-0.326134621888922,-0.806393665494097,-0.277134680528182
-0.425481339411612,-1.59701118587286,0.532212751704628,-1.75985629990205,-0.326134621888922,-0.806393665494097,-0.277134680528182
-0.213342838576013,0.78854596869741,0.532212751704628,0.567345870810313,-0.326134621888922,-0.806393665494097,-0.277134680528182
-0.282805864922522,1.22243762807502,0.532212751704628,0.567345870810313,-0.326134621888922,-0.806393665494097,-0.277134680528182
-0.0670218072391225,0.0980217913220529,0.532212751704628,0.567345870810313,-0.326134621888922,-0.806393665494097,-0.277134680528182
-0.320984974522363,1.01565546246533,0.532212751704628,0.567345870810313,-0.326134621888922,-0.806393665494097,-0.277134680528182
-0.178848363725303,0.322832361072082,0.532212751704628,0.567345870810313,-0.326134621888922,-0.806393665494097,-0.277134680528182
0.064162707527169,-1.86610629196762,0.532212751704628,0.567345870810313,-0.326134621888922,-0.806393665494097,-0.277134680528182
-0.564705618193729,0.645528695584098,0.532212751704628,0.567345870810313,-0.326134621888922,-0.806393665494097,-0.277134680528182
-0.423328969740964,0.105160555377624,0.532212751704628,0.567345870810313,-0.326134621888922,-0.806393665494097,-0.277134680528182
-0.48438613383813,0.703848768038088,0.532212751704628,0.567345870810313,-0.326134621888922,-0.806393665494097,-0.277134680528182
-0.502687960416495,0.162633655825021,0.532212751704628,0.567345870810313,-0.326134621888922,-0.806393665494097,-0.277134680528182
-0.513713070420801,0.792659832729434,0.532212751704628,0.567345870810313,-0.326134621888922,-0.806393665494097,-0.277134680528182
-0.311026279878047,-0.412097348648949,0.532212751704628,0.567345870810313,-0.326134621888922,-0.806393665494097,-0.277134680528182
-0.563209345919103,0.181630027972898,-0.907892341143189,0.567345870810313,-0.326134621888922,-0.806393665494097,-0.277134680528182
-0.707836658743067,1.38711318535693,-0.907892341143189,0.567345870810313,-0.326134621888922,-0.806393665494097,-0.277134680528182
-0.659193926879087,1.43151871770261,-0.907892341143189,0.567345870810313,-0.326134621888922,-0.806393665494097,-0.277134680528182
-0.587240198505676,-0.212211955092949,-0.907892341143189,0.567345870810313,-0.326134621888922,-0.806393665494097,-0.277134680528182
-0.50660294911031,-0.469691445097288,-0.907892341143189,0.567345870810313,-0.326134621888922,-0.806393665494097,-0.277134680528182
-0.570675281804867,0.173160307906966,-0.907892341143189,0.567345870810313,-0.326134621888922,-0.806393665494097,-0.277134680528182
-0.545186206479174,-0.351720344178946,-0.907892341143189,0.567345870810313,-0.326134621888922,-0.806393665494097,-0.277134680528182
-0.167898324426183,0.141822343663016,0.532212751704628,0.567345870810313,-0.326134621888922,-0.806393665494097,-0.277134680528182
-0.113683906525143,0.151381027737426,0.532212751704628,0.567345870810313,-0.326134621888922,-0.806393665494097,-0.277134680528182
0.0844287128303008,-0.925120392642556,0.532212751704628,0.567345870810313,-0.326134621888922,-0.806393665494097,-0.277134680528182
-0.265130313131268,0.608866907298706,0.532212751704628,0.567345870810313,-0.326134621888922,-0.806393665494097,-0.277134680528182
-0.00497844031627551,-1.0564010536645,0.532212751704628,0.567345870810313,-0.326134621888922,-0.806393665494097,-0.277134680528182
0.236397529275265,-0.0982337222056902,1.97231784455245,0.567345870810313,-0.326134621888922,-0.806393665494097,-0.277134680528182
0.0979177873500746,0.238256156413702,1.97231784455245,0.567345870810313,-0.326134621888922,-0.806393665494097,-0.277134680528182
0.0935534027909588,0.68860327191941,1.97231784455245,0.567345870810313,-0.326134621888922,-0.806393665494097,-0.277134680528182
0.128121919981032,-0.0531022138543658,1.97231784455245,0.567345870810313,-0.326134621888922,-0.806393665494097,-0.277134680528182
0.0127896643991813,0.872154205348255,1.97231784455245,0.567345870810313,-0.326134621888922,-0.806393665494097,-0.277134680528182
-0.00809336039864157,1.35964709314312,1.97231784455245,0.567345870810313,-0.326134621888922,-0.806393665494097,-0.277134680528182
5.08795085879011,-2.34452447969185,1.97231784455245,-1.75985629990205,3.06145725708633,-0.806393665494097,-0.277134680528182
4.04025998373109,0.391195101604249,1.97231784455245,-1.75985629990205,3.06145725708633,-0.806393665494097,-0.277134680528182
4.38430696887342,-0.2129379310986,1.97231784455245,-1.75985629990205,3.06145725708633,-0.806393665494097,-0.277134680528182
4.92117665957004,-1.46016470880759,1.97231784455245,-1.75985629990205,3.06145725708633,-0.806393665494097,-0.277134680528182
4.63740733722991,-0.960572220918529,1.97231784455245,-1.75985629990205,3.06145725708633,-0.806393665494097,-0.277134680528182
-0.406956357449333,-1.19276354672601,0.532212751704628,0.567345870810313,-0.326134621888922,-0.806393665494097,-0.277134680528182
-0.49076920051071,-0.451421048955063,0.532212751704628,0.567345870810313,-0.326134621888922,-0.806393665494097,-0.277134680528182
-0.499191516613245,-0.691840102826595,0.532212751704628,0.567345870810313,-0.326134621888922,-0.806393665494097,-0.277134680528182
-0.63352488753411,0.72828996022835,0.532212751704628,0.567345870810313,-0.326134621888922,-0.806393665494097,-0.277134680528182
-0.791199077573318,1.89989423734866,0.532212751704628,0.567345870810313,-0.326134621888922,-0.806393665494097,-0.277134680528182
-0.570564218295822,0.0634169350526728,0.532212751704628,0.567345870810313,-0.326134621888922,-0.806393665494097,-0.277134680528182
0.064682032268534,-0.31542154389638,0.532212751704628,0.567345870810313,-0.326134621888922,-0.806393665494097,-0.277134680528182
-0.0336451660396275,0.0239722387456171,0.532212751704628,0.567345870810313,-0.326134621888922,-0.806393665494097,-0.277134680528182
-0.19061184039159,0.953342521980262,0.532212751704628,0.567345870810313,-0.326134621888922,-0.806393665494097,-0.277134680528182
-0.214661203563003,1.11644513124993,0.532212751704628,0.567345870810313,-0.326134621888922,-0.806393665494097,-0.277134680528182
0.0696151031285901,-0.2629092794876,0.532212751704628,0.567345870810313,-0.326134621888922,-0.806393665494097,-0.277134680528182
-0.13350874288957,0.527920582668583,0.532212751704628,0.567345870810313,-0.326134621888922,-0.806393665494097,-0.277134680528182
0.0377131385214071,-0.0481413778157484,0.532212751704628,0.567345870810313,-0.326134621888922,-0.806393665494097,-0.277134680528182
0.656800676885626,1.838791256873,-0.907892341143189,-1.75985629990205,-0.326134621888922,-0.806393665494097,-0.277134680528182
1.39239794970073,-0.932743140701895,-0.907892341143189,-1.75985629990205,-0.326134621888922,-0.806393665494097,-0.277134680528182
1.26089464152885,0.116776171468046,-0.907892341143189,-1.75985629990205,-0.326134621888922,-0.806393665494097,-0.277134680528182
1.09929003730846,0.556475638890868,-0.907892341143189,-1.75985629990205,-0.326134621888922,-0.806393665494097,-0.277134680528182
1.47495927155371,-1.16396649850184,-0.907892341143189,-1.75985629990205,-0.326134621888922,-0.806393665494097,-0.277134680528182
1.17826956099475,-0.102589578239598,-0.907892341143189,-1.75985629990205,-0.326134621888922,-0.806393665494097,-0.277134680528182
0.202634222525763,0.934830133836153,-0.907892341143189,0.567345870810313,-0.326134621888922,-0.806393665494097,-0.277134680528182
0.819283505520128,-1.94233377256101,-0.907892341143189,0.567345870810313,-0.326134621888922,-0.806393665494097,-0.277134680528182
0.362213974437743,0.772574496573081,-0.907892341143189,0.567345870810313,-0.326134621888922,-0.806393665494097,-0.277134680528182
0.099287570628289,3.68156035121796,-0.907892341143189,0.567345870810313,-0.326134621888922,-0.806393665494097,-0.277134680528182
0.565152714607496,-0.395883884522736,-0.907892341143189,0.567345870810313,-0.326134621888922,-0.806393665494097,-0.277134680528182
0.485123229414401,0.178242139946525,-0.907892341143189,0.567345870810313,-0.326134621888922,-0.806393665494097,-0.277134680528182
0.413462585300968,-0.0472944058091552,-0.907892341143189,0.567345870810313,-0.326134621888922,-0.806393665494097,-0.277134680528182
0.37268890872595,2.51177101411179,-0.907892341143189,0.567345870810313,-0.326134621888922,-0.806393665494097,-0.277134680528182
1.00836912966824,-0.214510879110845,-0.907892341143189,0.567345870810313,-0.326134621888922,-0.806393665494097,-0.277134680528182
1.20590175069867,-1.63960177820441,-0.907892341143189,0.567345870810313,-0.326134621888922,-0.806393665494097,-0.277134680528182
1.01536921583551,-0.319777399930288,-0.907892341143189,0.567345870810313,-0.326134621888922,-0.806393665494097,-0.277134680528182
0.210796362074703,0.636212003511573,-0.907892341143189,0.567345870810313,-0.326134621888922,-0.806393665494097,-0.277134680528182
0.205168115917295,0.20038440811889,-0.907892341143189,0.567345870810313,-0.326134621888922,-0.806393665494097,-0.277134680528182
0.61718288349733,-1.829928487686,-0.907892341143189,0.567345870810313,-0.326134621888922,-0.806393665494097,-0.277134680528182
-0.889393616690121,0.315935589018394,-0.907892341143189,-1.75985629990205,-0.326134621888922,1.2381635021366,-0.277134680528182
-0.910515222359225,0.340134789206772,-0.907892341143189,-1.75985629990205,-0.326134621888922,1.2381635021366,-0.277134680528182
-0.925984929456957,-0.042091577768654,-0.907892341143189,-1.75985629990205,-0.326134621888922,1.2381635021366,-0.277134680528182
-0.92138402075821,0.557564602899345,-0.907892341143189,-1.75985629990205,-0.326134621888922,1.2381635021366,-0.277134680528182
-0.93010559131567,1.25075069229542,-0.907892341143189,-1.75985629990205,-0.326134621888922,1.2381635021366,-0.277134680528182
-0.883818845555587,1.20162631591302,-0.907892341143189,-1.75985629990205,-0.326134621888922,1.2381635021366,-0.277134680528182
-0.729560886785318,0.050107374949065,-0.907892341143189,-1.75985629990205,-0.326134621888922,1.2381635021366,-0.277134680528182
-0.849463200091182,0.965805110077277,-0.907892341143189,-1.75985629990205,-0.326134621888922,1.2381635021366,-0.277134680528182
-0.568849932466405,-1.68328133454443,-0.907892341143189,-1.75985629990205,-0.326134621888922,1.2381635021366,-0.277134680528182
-0.779537409123655,0.712076496102137,-0.907892341143189,-1.75985629990205,-0.326134621888922,1.2381635021366,-0.277134680528182
-0.796913706459983,0.881954881424548,-0.907892341143189,-1.75985629990205,-0.326134621888922,1.2381635021366,-0.277134680528182
-0.216160560935103,-1.15501279443214,0.532212751704628,-1.75985629990205,-0.326134621888922,1.2381635021366,-0.277134680528182
-0.506100078222137,0.427251909884931,0.532212751704628,-1.75985629990205,-0.326134621888922,1.2381635021366,-0.277134680528182
-0.507339259040641,0.722482152183139,0.532212751704628,-1.75985629990205,-0.326134621888922,1.2381635021366,-0.277134680528182
-0.254962860224582,-1.71002145075259,0.532212751704628,-1.75985629990205,-0.326134621888922,1.2381635021366,-0.277134680528182
-1.12023500677563,0.274070972692501,-0.907892341143189,0.567345870810313,-0.326134621888922,1.2381635021366,3.60275084686636
-1.05533175449489,0.0169544706909876,-0.907892341143189,0.567345870810313,-0.326134621888922,1.2381635021366,3.60275084686636
-1.04713670723957,0.0452675349113895,-0.907892341143189,0.567345870810313,-0.326134621888922,1.2381635021366,3.60275084686636
-1.08002487467243,0.961449254043369,-0.907892341143189,0.567345870810313,-0.326134621888922,1.2381635021366,3.60275084686636
-0.939227196178855,-1.20377418281172,-0.907892341143189,0.567345870810313,-0.326134621888922,1.2381635021366,3.60275084686636
-0.458054826902184,0.423501033855733,0.532212751704628,0.567345870810313,-0.326134621888922,1.2381635021366,3.60275084686636
-0.6545745075955,1.6874252596947,0.532212751704628,0.567345870810313,-0.326134621888922,1.2381635021366,3.60275084686636
-0.357682208969121,-0.0694366739815207,0.532212751704628,0.567345870810313,-0.326134621888922,1.2381635021366,3.60275084686636
-0.486973502252535,0.559379542913474,0.532212751704628,0.567345870810313,-0.326134621888922,1.2381635021366,3.60275084686636
-0.466401043933706,0.226156556319513,0.532212751704628,0.567345870810313,-0.326134621888922,1.2381635021366,3.60275084686636
-0.528110191963596,0.795200748749214,0.532212751704628,0.567345870810313,-0.326134621888922,1.2381635021366,3.60275084686636
-0.348385781915773,-0.355713212210029,0.532212751704628,0.567345870810313,-0.326134621888922,1.2381635021366,3.60275084686636
-0.91210301919223,-0.965412060956205,-0.907892341143189,0.567345870810313,-0.326134621888922,1.2381635021366,-0.277134680528182
-0.921909515694522,-1.91389971233967,-0.907892341143189,0.567345870810313,-0.326134621888922,1.2381635021366,-0.277134680528182
-1.10943305215524,1.32951908890859,-0.907892341143189,0.567345870810313,-0.326134621888922,1.2381635021366,-0.277134680528182
-1.02439439703108,-1.06523376173326,-0.907892341143189,0.567345870810313,-0.326134621888922,1.2381635021366,-0.277134680528182
-0.985100538877495,-0.569513145874346,-0.907892341143189,0.567345870810313,-0.326134621888922,1.2381635021366,-0.277134680528182
-1.03498553665745,-0.0017999094550051,-0.907892341143189,0.567345870810313,-0.326134621888922,1.2381635021366,-0.277134680528182
-0.65655102671016,-2.11693100192016,-0.907892341143189,0.567345870810313,-0.326134621888922,1.2381635021366,-0.277134680528182
-0.834178598841857,-0.644893654461142,-0.907892341143189,0.567345870810313,-0.326134621888922,1.2381635021366,-0.277134680528182
-0.827677270099461,0.714133428118149,-0.907892341143189,0.567345870810313,-0.326134621888922,1.2381635021366,-0.277134680528182
-0.895242961499794,0.615642683351452,-0.907892341143189,0.567345870810313,-0.326134621888922,1.2381635021366,-0.277134680528182
-1.02326833645327,2.41824110538371,-0.907892341143189,0.567345870810313,-0.326134621888922,1.2381635021366,-0.277134680528182
-0.914833330456239,0.618183599371231,-0.907892341143189,0.567345870810313,-0.326134621888922,1.2381635021366,-0.277134680528182
-0.678853196345773,-1.02506308942056,-0.907892341143189,0.567345870810313,-0.326134621888922,1.2381635021366,-0.277134680528182
-0.795375271186553,0.903976153595972,-0.907892341143189,0.567345870810313,-0.326134621888922,1.2381635021366,-0.277134680528182
-0.717249291134581,0.141338359659249,-0.907892341143189,0.567345870810313,-0.326134621888922,1.2381635021366,-0.277134680528182
-0.661481012472743,-0.844537056015258,-0.907892341143189,0.567345870810313,-0.326134621888922,1.2381635021366,-0.277134680528182
-0.780575030240561,0.199779428114181,-0.907892341143189,0.567345870810313,-0.326134621888922,1.2381635021366,-0.277134680528182
-0.878039429621979,1.79741062455088,-0.907892341143189,0.567345870810313,-0.326134621888922,1.2381635021366,-0.277134680528182
-0.226622126467592,-0.213179923100484,0.532212751704628,0.567345870810313,-0.326134621888922,1.2381635021366,-0.277134680528182
-0.353715801984081,0.664646063732916,0.532212751704628,0.567345870810313,-0.326134621888922,1.2381635021366,-0.277134680528182
0.0491208006124225,-2.19085955849565,0.532212751704628,0.567345870810313,-0.326134621888922,1.2381635021366,-0.277134680528182
-0.283024906843137,-0.0103906255218792,0.532212751704628,0.567345870810313,-0.326134621888922,1.2381635021366,-0.277134680528182
-0.409825498099648,1.13834540742041,0.532212751704628,0.567345870810313,-0.326134621888922,1.2381635021366,-0.277134680528182
-0.243353638431968,0.187800824020934,0.532212751704628,0.567345870810313,-0.326134621888922,1.2381635021366,-0.277134680528182
-0.494283126532976,0.207523172174462,0.532212751704628,0.567345870810313,-0.326134621888922,1.2381635021366,-0.277134680528182
-0.512015238444576,0.694169087962737,0.532212751704628,0.567345870810313,-0.326134621888922,1.2381635021366,-0.277134680528182
-0.631518545810539,1.51270703433461,0.532212751704628,0.567345870810313,-0.326134621888922,1.2381635021366,-0.277134680528182
-0.423735174241636,0.176306203931455,0.532212751704628,0.567345870810313,-0.326134621888922,1.2381635021366,-0.277134680528182
-0.217476869190444,-2.23599106684698,0.532212751704628,0.567345870810313,-0.326134621888922,1.2381635021366,-0.277134680528182
-0.440717607467186,0.442981390007377,0.532212751704628,0.567345870810313,-0.326134621888922,1.2381635021366,-0.277134680528182
-0.930598178545598,1.0221892465162,-0.907892341143189,-1.75985629990205,-0.326134621888922,1.2381635021366,-0.277134680528182
-0.902072338940201,-0.0296289896716394,-0.907892341143189,-1.75985629990205,-0.326134621888922,1.2381635021366,-0.277134680528182
-0.83691919376411,-0.00748672149927386,-0.907892341143189,-1.75985629990205,-0.326134621888922,1.2381635021366,-0.277134680528182
-0.640205151929966,-1.85219175185931,-0.907892341143189,-1.75985629990205,-0.326134621888922,1.2381635021366,-0.277134680528182
-0.790330108451628,0.0873741432391667,-0.907892341143189,-1.75985629990205,-0.326134621888922,1.2381635021366,-0.277134680528182
-0.803625850196399,-0.693171058836956,-0.907892341143189,-1.75985629990205,-0.326134621888922,1.2381635021366,-0.277134680528182
-0.682533717631606,-1.66198603837866,-0.907892341143189,-1.75985629990205,-0.326134621888922,1.2381635021366,-0.277134680528182
-0.722287255308734,-0.363214964268426,-0.907892341143189,0.567345870810313,-0.326134621888922,1.2381635021366,-0.277134680528182
-0.819665271960896,0.0100576986373,-0.907892341143189,0.567345870810313,-0.326134621888922,1.2381635021366,-0.277134680528182
-0.733585910622354,0.0668048230790456,-0.907892341143189,0.567345870810313,-0.326134621888922,1.2381635021366,-0.277134680528182
-0.857086475948091,0.208612136182939,-0.907892341143189,0.567345870810313,-0.326134621888922,1.2381635021366,-0.277134680528182
-0.867254957220602,0.919584637717475,-0.907892341143189,0.567345870810313,-0.326134621888922,1.2381635021366,-0.277134680528182
-0.721139599048608,-1.3726846001266,-0.907892341143189,0.567345870810313,-0.326134621888922,1.2381635021366,-0.277134680528182
-0.780672724993887,-0.144454194565492,-0.907892341143189,0.567345870810313,-0.326134621888922,1.2381635021366,-0.277134680528182
-0.129720243192166,0.335052957167212,0.532212751704628,-1.75985629990205,-0.326134621888922,1.2381635021366,-0.277134680528182
-0.0452728984170827,0.265238264623743,0.532212751704628,-1.75985629990205,-0.326134621888922,1.2381635021366,-0.277134680528182
-0.37972008858784,2.30970769253883,0.532212751704628,-1.75985629990205,-0.326134621888922,1.2381635021366,-0.277134680528182
-0.0620332046245445,-0.234596215267198,0.532212751704628,-1.75985629990205,-0.326134621888922,1.2381635021366,-0.277134680528182
0.113606536368422,-0.625776286312324,0.532212751704628,-1.75985629990205,-0.326134621888922,1.2381635021366,-0.277134680528182
0.0478847048913912,-1.56022840158653,0.532212751704628,-1.75985629990205,-0.326134621888922,1.2381635021366,-0.277134680528182
-1.03859201560392,0.382483389536433,-0.907892341143189,0.567345870810313,-0.326134621888922,1.2381635021366,3.60275084686636
-1.05389615580391,0.0237302467437334,-0.907892341143189,0.567345870810313,-0.326134621888922,1.2381635021366,3.60275084686636
-1.06512385387564,0.382241397534549,-0.907892341143189,0.567345870810313,-0.326134621888922,1.2381635021366,3.60275084686636
-1.02181936900657,0.02736012677199,-0.907892341143189,0.567345870810313,-0.326134621888922,1.2381635021366,3.60275084686636
-1.05567111521697,0.70009789200889,-0.907892341143189,0.567345870810313,-0.326134621888922,1.2381635021366,3.60275084686636
-1.04989272764919,0.66742897175458,-0.907892341143189,0.567345870810313,-0.326134621888922,1.2381635021366,3.60275084686636
-0.309165966101553,-0.438595472855222,0.532212751704628,0.567345870810313,-0.326134621888922,1.2381635021366,3.60275084686636
-0.371874685712842,-0.0568530898835643,0.532212751704628,0.567345870810313,-0.326134621888922,1.2381635021366,3.60275084686636
-0.336228441138708,-0.577135893933685,0.532212751704628,0.567345870810313,-0.326134621888922,1.2381635021366,3.60275084686636
-0.441281151939004,0.598340255216762,0.532212751704628,0.567345870810313,-0.326134621888922,1.2381635021366,3.60275084686636
-0.383132206393483,-0.182567934862186,0.532212751704628,0.567345870810313,-0.326134621888922,1.2381635021366,3.60275084686636
-0.962646171099858,-1.53445625338591,-0.907892341143189,0.567345870810313,-0.326134621888922,1.2381635021366,-0.277134680528182
-1.07713722343728,0.127423819550932,-0.907892341143189,0.567345870810313,-0.326134621888922,1.2381635021366,-0.277134680528182
-1.02594825779188,-0.645256642463968,-0.907892341143189,0.567345870810313,-0.326134621888922,1.2381635021366,-0.277134680528182
-1.08073856055463,0.617699615367464,-0.907892341143189,0.567345870810313,-0.326134621888922,1.2381635021366,-0.277134680528182
-0.912220252896222,-1.17933299062146,-0.907892341143189,0.567345870810313,-0.326134621888922,1.2381635021366,-0.277134680528182
-0.707256660418057,0.189615764035062,-0.907892341143189,0.567345870810313,-0.326134621888922,1.2381635021366,-0.277134680528182
-0.696269599949256,-0.12703077042986,-0.907892341143189,0.567345870810313,-0.326134621888922,1.2381635021366,-0.277134680528182
-0.5308991200796,-2.31040360742624,-0.907892341143189,0.567345870810313,-0.326134621888922,1.2381635021366,-0.277134680528182
-0.656339183350316,-0.211727971089182,-0.907892341143189,0.567345870810313,-0.326134621888922,1.2381635021366,-0.277134680528182
-0.637028529898131,-0.621420430278416,-0.907892341143189,0.567345870810313,-0.326134621888922,1.2381635021366,-0.277134680528182
-0.501445694500516,0.383935341547735,0.532212751704628,0.567345870810313,-0.326134621888922,1.2381635021366,-0.277134680528182
-0.407571320212376,-0.0443905017865498,0.532212751704628,0.567345870810313,-0.326134621888922,1.2381635021366,-0.277134680528182
-0.427793105785055,-0.203621239026075,0.532212751704628,0.567345870810313,-0.326134621888922,1.2381635021366,-0.277134680528182
-0.487718039109462,0.515216002569684,0.532212751704628,0.567345870810313,-0.326134621888922,1.2381635021366,-0.277134680528182
-0.188449187062697,-2.30229687536313,0.532212751704628,0.567345870810313,-0.326134621888922,1.2381635021366,-0.277134680528182
-0.45446583017473,0.348604509272704,0.532212751704628,0.567345870810313,-0.326134621888922,1.2381635021366,3.60275084686636
-0.30383697439907,-1.52005772927382,0.532212751704628,0.567345870810313,-0.326134621888922,1.2381635021366,3.60275084686636
-0.236983940515106,-1.73361567093625,0.532212751704628,0.567345870810313,-0.326134621888922,1.2381635021366,3.60275084686636
-0.540108136037865,0.354412317317915,0.532212751704628,0.567345870810313,-0.326134621888922,1.2381635021366,3.60275084686636
-0.515447923566708,0.180541063964421,0.532212751704628,0.567345870810313,-0.326134621888922,1.2381635021366,3.60275084686636
-0.174633092210738,-1.49005072104023,0.532212751704628,0.567345870810313,-0.326134621888922,1.2381635021366,3.60275084686636
-0.65788995901364,-0.675626638700382,-0.907892341143189,-1.75985629990205,-0.326134621888922,-0.806393665494097,-0.277134680528182
-0.777460110158195,0.445885294029982,-0.907892341143189,-1.75985629990205,-0.326134621888922,-0.806393665494097,-0.277134680528182
-0.740569542936434,0.826175724990338,-0.907892341143189,-1.75985629990205,-0.326134621888922,-0.806393665494097,-0.277134680528182
-0.706233436422694,0.850132933176831,-0.907892341143189,-1.75985629990205,-0.326134621888922,-0.806393665494097,-0.277134680528182
-0.642342096113247,-0.0610879499165304,-0.907892341143189,-1.75985629990205,-0.326134621888922,-0.806393665494097,-0.277134680528182
-0.669300706202129,0.277700852720757,-0.907892341143189,-1.75985629990205,-0.326134621888922,-0.806393665494097,-0.277134680528182
-0.798130263230349,0.728531952230234,-0.907892341143189,-1.75985629990205,-0.326134621888922,-0.806393665494097,-0.277134680528182
-0.766568687711071,0.734944740280154,-0.907892341143189,-1.75985629990205,-0.326134621888922,-0.806393665494097,-0.277134680528182
-0.516563700486275,-1.13795235829934,-0.907892341143189,-1.75985629990205,-0.326134621888922,-0.806393665494097,-0.277134680528182
-0.762043878083336,0.531066478693072,-0.907892341143189,-1.75985629990205,-0.326134621888922,-0.806393665494097,-0.277134680528182
-0.448626769023303,-2.06671766152927,-0.907892341143189,-1.75985629990205,-0.326134621888922,-0.806393665494097,-0.277134680528182
-0.768007371499526,0.759385932470415,-0.907892341143189,-1.75985629990205,-0.326134621888922,-0.806393665494097,-0.277134680528182
-1.00166339884666,2.29869705645312,-0.907892341143189,-1.75985629990205,-0.326134621888922,-0.806393665494097,-0.277134680528182
-0.279028677249187,0.579222887067943,0.532212751704628,0.567345870810313,-0.326134621888922,-0.806393665494097,-0.277134680528182
-0.249211210168236,0.298028180878994,0.532212751704628,0.567345870810313,-0.326134621888922,-0.806393665494097,-0.277134680528182
-0.164266136334101,-1.01707735335839,0.532212751704628,0.567345870810313,-0.326134621888922,-0.806393665494097,-0.277134680528182
-0.0987746588017551,-0.287592463679746,0.532212751704628,0.567345870810313,-0.326134621888922,-0.806393665494097,-0.277134680528182
-0.35320881763261,0.140491387652656,0.532212751704628,0.567345870810313,-0.326134621888922,-0.806393665494097,-0.277134680528182
-0.267476015576919,-0.419115116703578,0.532212751704628,0.567345870810313,-0.326134621888922,-0.806393665494097,-0.277134680528182
-0.361093298408938,1.01940633849453,0.532212751704628,0.567345870810313,-0.326134621888922,-0.806393665494097,-0.277134680528182
-0.752587025961369,-0.0433015377780728,-0.907892341143189,0.567345870810313,-0.326134621888922,-0.806393665494097,-0.277134680528182
-0.637814201388038,-0.810416183749646,-0.907892341143189,0.567345870810313,-0.326134621888922,-0.806393665494097,-0.277134680528182
-0.583622407535137,-1.71474029478932,-0.907892341143189,0.567345870810313,-0.326134621888922,-0.806393665494097,-0.277134680528182
-0.503852070529812,-1.90833389629634,-0.907892341143189,0.567345870810313,-0.326134621888922,-0.806393665494097,-0.277134680528182
-0.572834850036286,0.275401928702861,0.532212751704628,0.567345870810313,-0.326134621888922,-0.806393665494097,-0.277134680528182
-0.61541228026745,0.891150577496132,0.532212751704628,0.567345870810313,-0.326134621888922,-0.806393665494097,-0.277134680528182
-0.407776993377273,-1.42035702449771,0.532212751704628,0.567345870810313,-0.326134621888922,-0.806393665494097,-0.277134680528182
0.0568098918820991,0.678076619837466,0.532212751704628,0.567345870810313,-0.326134621888922,-0.806393665494097,-0.277134680528182
0.220205909368744,-0.12703077042986,0.532212751704628,0.567345870810313,-0.326134621888922,-0.806393665494097,-0.277134680528182
0.392757467790781,-1.2034111948089,0.532212751704628,0.567345870810313,-0.326134621888922,-0.806393665494097,-0.277134680528182
0.118859428999893,0.281572724750898,0.532212751704628,0.567345870810313,-0.326134621888922,-0.806393665494097,-0.277134680528182
0.443286222576866,-2.13580637806709,0.532212751704628,0.567345870810313,-0.326134621888922,-0.806393665494097,-0.277134680528182
2.6190707546823,-0.558623505789576,1.97231784455245,0.567345870810313,3.06145725708633,-0.806393665494097,-0.277134680528182
3.07220781485185,-2.14863195416693,1.97231784455245,0.567345870810313,3.06145725708633,-0.806393665494097,-0.277134680528182
2.20051866555601,0.495130666413331,1.97231784455245,0.567345870810313,3.06145725708633,-0.806393665494097,-0.277134680528182
2.32545174447526,0.412732389771905,1.97231784455245,0.567345870810313,3.06145725708633,-0.806393665494097,-0.277134680528182
1.98882647548824,1.22473655209292,1.97231784455245,0.567345870810313,3.06145725708633,-0.806393665494097,-0.277134680528182
2.34524161640165,0.17025640388436,1.97231784455245,0.567345870810313,3.06145725708633,-0.806393665494097,-0.277134680528182
0.978259606693134,-0.252866611409424,0.532212751704628,0.567345870810313,3.06145725708633,-0.806393665494097,-0.277134680528182
0.822262681313661,0.132626647591433,0.532212751704628,0.567345870810313,3.06145725708633,-0.806393665494097,-0.277134680528182
0.937186675663191,-0.18280992686407,0.532212751704628,0.567345870810313,3.06145725708633,-0.806393665494097,-0.277134680528182
0.99522044423637,-1.12948263823341,0.532212751704628,0.567345870810313,3.06145725708633,-0.806393665494097,-0.277134680528182
0.977166453821706,-0.607747882171983,0.532212751704628,0.567345870810313,3.06145725708633,-0.806393665494097,-0.277134680528182
1.24828996161813,-1.61673353402639,0.532212751704628,0.567345870810313,3.06145725708633,-0.806393665494097,-0.277134680528182
1.01832165411761,0.757691988457229,1.97231784455245,0.567345870810313,3.06145725708633,-0.806393665494097,-0.277134680528182
1.22793448848827,-0.15715877466439,1.97231784455245,0.567345870810313,3.06145725708633,-0.806393665494097,-0.277134680528182
1.15401760975592,-0.296667163750387,1.97231784455245,0.567345870810313,3.06145725708633,-0.806393665494097,-0.277134680528182
1.15486395482947,0.114961231453917,1.97231784455245,0.567345870810313,3.06145725708633,-0.806393665494097,-0.277134680528182
1.01323021492058,0.382846377539258,1.97231784455245,0.567345870810313,3.06145725708633,-0.806393665494097,-0.277134680528182
1.48458786076836,-1.63500393016862,1.97231784455245,0.567345870810313,3.06145725708633,-0.806393665494097,-0.277134680528182
1.57897744633457,0.251928704520135,0.532212751704628,0.567345870810313,3.06145725708633,-0.806393665494097,-0.277134680528182
1.75008003730991,-0.387898148460571,0.532212751704628,0.567345870810313,3.06145725708633,-0.806393665494097,-0.277134680528182
2.20709197990612,-2.07071052956036,0.532212751704628,0.567345870810313,3.06145725708633,-0.806393665494097,-0.277134680528182
2.0245663013524,-1.51049904519941,0.532212751704628,0.567345870810313,3.06145725708633,-0.806393665494097,-0.277134680528182
1.10641352737467,1.85923958103218,0.532212751704628,0.567345870810313,3.06145725708633,-0.806393665494097,-0.277134680528182
1.63649086180056,-0.104041530250901,0.532212751704628,0.567345870810313,3.06145725708633,-0.806393665494097,-0.277134680528182
1.40834584690685,0.706147692055984,0.532212751704628,0.567345870810313,3.06145725708633,-0.806393665494097,-0.277134680528182
2.35768175778045,-0.587541550014687,1.97231784455245,0.567345870810313,3.06145725708633,-0.806393665494097,-0.277134680528182
2.16970471199114,-0.166838454739741,1.97231784455245,0.567345870810313,3.06145725708633,-0.806393665494097,-0.277134680528182
2.77976936861132,-2.31972029949876,1.97231784455245,0.567345870810313,3.06145725708633,-0.806393665494097,-0.277134680528182
2.08110791111425,0.47202043023343,1.97231784455245,0.567345870810313,3.06145725708633,-0.806393665494097,-0.277134680528182
2.09706300688114,0.0744275711383846,1.97231784455245,0.567345870810313,3.06145725708633,-0.806393665494097,-0.277134680528182
1.74093169493529,1.37247266924296,1.97231784455245,0.567345870810313,3.06145725708633,-0.806393665494097,-0.277134680528182
-0.843933677052924,-0.683491378761605,-0.907892341143189,0.567345870810313,-0.326134621888922,1.2381635021366,-0.277134680528182
-0.998051778071062,0.189373772033179,-0.907892341143189,0.567345870810313,-0.326134621888922,1.2381635021366,-0.277134680528182
-0.929265416437066,0.611528819319427,-0.907892341143189,0.567345870810313,-0.326134621888922,1.2381635021366,-0.277134680528182
-0.988005672331666,0.697798967990994,-0.907892341143189,0.567345870810313,-0.326134621888922,1.2381635021366,-0.277134680528182
-0.742302339350691,-1.819522831605,-0.907892341143189,0.567345870810313,-0.326134621888922,1.2381635021366,-0.277134680528182
-0.997255822922911,2.00927462220012,-0.907892341143189,0.567345870810313,-0.326134621888922,1.2381635021366,-0.277134680528182
-0.83477093755676,0.143395291675261,-0.907892341143189,0.567345870810313,-0.326134621888922,1.2381635021366,-0.277134680528182
-0.740569542936434,-0.304289911809726,-0.907892341143189,0.567345870810313,-0.326134621888922,1.2381635021366,-0.277134680528182
-0.640917809446335,-0.926209356651033,-0.907892341143189,0.567345870810313,-0.326134621888922,1.2381635021366,-0.277134680528182
-0.853280494031671,0.0422426348878423,-0.907892341143189,0.567345870810313,-0.326134621888922,1.2381635021366,-0.277134680528182
-0.834988951111551,0.336383913177573,-0.907892341143189,0.567345870810313,-0.326134621888922,1.2381635021366,-0.277134680528182
-0.884450262171821,1.05546314677522,-0.907892341143189,0.567345870810313,-0.326134621888922,1.2381635021366,-0.277134680528182
-0.749111149474609,-0.325464211974557,-0.907892341143189,0.567345870810313,-0.326134621888922,1.2381635021366,-0.277134680528182
-0.677010364788295,-1.60330297792184,-0.907892341143189,0.567345870810313,-0.326134621888922,1.2381635021366,-0.277134680528182
-0.688657636116416,-1.55417860153943,-0.907892341143189,0.567345870810313,-0.326134621888922,1.2381635021366,-0.277134680528182
-0.903257016370008,0.755514060440275,-0.907892341143189,0.567345870810313,-0.326134621888922,1.2381635021366,-0.277134680528182
-0.129388081030858,-2.19884529455782,0.532212751704628,0.567345870810313,-0.326134621888922,1.2381635021366,-0.277134680528182
-0.476678531983612,0.293188340841319,0.532212751704628,0.567345870810313,-0.326134621888922,1.2381635021366,-0.277134680528182
-0.251353296180639,-1.42156698450712,0.532212751704628,0.567345870810313,-0.326134621888922,1.2381635021366,-0.277134680528182
-0.424181485009462,0.194455604072738,0.532212751704628,0.567345870810313,-0.326134621888922,1.2381635021366,-0.277134680528182
-0.547870241281081,0.739300596314062,0.532212751704628,0.567345870810313,-0.326134621888922,1.2381635021366,-0.277134680528182
-0.490612888905388,0.907485037623287,0.532212751704628,0.567345870810313,-0.326134621888922,1.2381635021366,-0.277134680528182
-0.47640292994265,0.0234882547418496,0.532212751704628,0.567345870810313,-0.326134621888922,1.2381635021366,-0.277134680528182
-0.417588631708687,-0.651064450509178,0.532212751704628,0.567345870810313,-0.326134621888922,1.2381635021366,-0.277134680528182
-0.392459484421564,-1.03655770951004,0.532212751704628,0.567345870810313,-0.326134621888922,1.2381635021366,-0.277134680528182
-0.57573381329551,0.725507052206686,0.532212751704628,0.567345870810313,-0.326134621888922,1.2381635021366,-0.277134680528182
-0.577403879394474,0.705058728047507,0.532212751704628,0.567345870810313,-0.326134621888922,1.2381635021366,-0.277134680528182
-0.273393232531008,0.672268811792256,0.532212751704628,0.567345870810313,-0.326134621888922,-0.806393665494097,-0.277134680528182
-0.0850171808017909,-1.16420849050373,0.532212751704628,0.567345870810313,-0.326134621888922,-0.806393665494097,-0.277134680528182
-0.0618871766774674,-1.05942595368805,0.532212751704628,0.567345870810313,-0.326134621888922,-0.806393665494097,-0.277134680528182
0.0106619755083214,-1.53336728937743,0.532212751704628,0.567345870810313,-0.326134621888922,-0.806393665494097,-0.277134680528182
-0.204089602887294,-0.0509242858374118,0.532212751704628,0.567345870810313,-0.326134621888922,-0.806393665494097,-0.277134680528182
-0.332899620964849,0.210790064199893,0.532212751704628,0.567345870810313,-0.326134621888922,-0.806393665494097,-0.277134680528182
-0.520601064713204,1.89529638931286,0.532212751704628,0.567345870810313,-0.326134621888922,-0.806393665494097,-0.277134680528182
-0.149860787864711,-2.22243951474148,0.532212751704628,0.567345870810313,-0.326134621888922,-0.806393665494097,-0.277134680528182
-0.56799124700296,1.13314257937991,0.532212751704628,0.567345870810313,-0.326134621888922,-0.806393665494097,-0.277134680528182
-0.54507308623848,0.243700976456087,0.532212751704628,0.567345870810313,-0.326134621888922,-0.806393665494097,-0.277134680528182
-0.516563700486275,0.323921325080559,0.532212751704628,0.567345870810313,-0.326134621888922,-0.806393665494097,-0.277134680528182
-0.538627289250607,0.948623677943529,0.532212751704628,0.567345870810313,-0.326134621888922,-0.806393665494097,-0.277134680528182
-0.176069719267544,-2.15020490217918,0.532212751704628,0.567345870810313,-0.326134621888922,-0.806393665494097,-0.277134680528182
-0.634419565801412,-2.12564271398797,-0.907892341143189,0.567345870810313,-0.326134621888922,-0.806393665494097,-0.277134680528182
-0.950536135150719,-0.0129315415416588,-0.907892341143189,0.567345870810313,-0.326134621888922,-0.806393665494097,-0.277134680528182
-0.944079026138776,0.338561841194527,-0.907892341143189,0.567345870810313,-0.326134621888922,-0.806393665494097,-0.277134680528182
-0.925025464142712,0.57837591506135,-0.907892341143189,0.567345870810313,-0.326134621888922,-0.806393665494097,-0.277134680528182
-0.727711885032894,-0.982956481092779,-0.907892341143189,0.567345870810313,-0.326134621888922,-0.806393665494097,-0.277134680528182
-0.736564058050063,-0.856878648111331,-0.907892341143189,0.567345870810313,-0.326134621888922,-0.806393665494097,-0.277134680528182
-0.855000950056035,1.17936305173971,-0.907892341143189,0.567345870810313,-0.326134621888922,-0.806393665494097,-0.277134680528182
-0.911838729175338,0.569180218989766,-0.907892341143189,0.567345870810313,-0.326134621888922,-0.806393665494097,-0.277134680528182
-1.10202984658477,1.51222305033085,-0.907892341143189,0.567345870810313,-0.326134621888922,-0.806393665494097,-0.277134680528182
-0.919954592262176,0.231964364364723,-0.907892341143189,0.567345870810313,-0.326134621888922,-0.806393665494097,-0.277134680528182
-0.94201406756321,0.346789569258576,-0.907892341143189,0.567345870810313,-0.326134621888922,-0.806393665494097,-0.277134680528182
-1.00346509577115,1.81955289272324,-0.907892341143189,0.567345870810313,-0.326134621888922,-0.806393665494097,-0.277134680528182
-0.94336225515911,1.00887968641259,-0.907892341143189,0.567345870810313,-0.326134621888922,-0.806393665494097,-0.277134680528182
-0.937586952688801,0.219017792263941,-0.907892341143189,0.567345870810313,-0.326134621888922,-0.806393665494097,-0.277134680528182
-0.838784649369727,-0.103920534249959,-0.907892341143189,0.567345870810313,-0.326134621888922,-0.806393665494097,-0.277134680528182
-0.98717680947713,0.414789321787917,-0.907892341143189,0.567345870810313,-0.326134621888922,-0.806393665494097,-0.277134680528182
-0.0461120449298627,-0.0654438059504384,0.532212751704628,0.567345870810313,-0.326134621888922,-0.806393665494097,-0.277134680528182
0.19724558560546,-2.13737932607934,0.532212751704628,0.567345870810313,-0.326134621888922,-0.806393665494097,-0.277134680528182
-0.120266476167673,0.354654309319798,0.532212751704628,0.567345870810313,-0.326134621888922,-0.806393665494097,-0.277134680528182
0.565849946636497,-0.956821344889331,0.532212751704628,0.567345870810313,-0.326134621888922,-0.806393665494097,-0.277134680528182
0.0264648731331872,2.07727437472946,0.532212751704628,0.567345870810313,-0.326134621888922,-0.806393665494097,-0.277134680528182
0.505017994654894,-0.317599471913334,0.532212751704628,0.567345870810313,-0.326134621888922,-0.806393665494097,-0.277134680528182
0.491656437497356,-1.22990931901517,0.532212751704628,0.567345870810313,-0.326134621888922,-0.806393665494097,-0.277134680528182
0.193348079130661,0.714980400124742,0.532212751704628,0.567345870810313,-0.326134621888922,-0.806393665494097,-0.277134680528182
0.516515124572639,-0.836067335949326,0.532212751704628,0.567345870810313,-0.326134621888922,-0.806393665494097,-0.277134680528182
-0.470243018653984,-1.30795173962269,-0.907892341143189,0.567345870810313,-0.326134621888922,-0.806393665494097,-0.277134680528182
-0.447504821908789,-2.05534403744074,-0.907892341143189,0.567345870810313,-0.326134621888922,-0.806393665494097,-0.277134680528182
-0.581774434148536,0.394099005626854,-0.907892341143189,0.567345870810313,-0.326134621888922,-0.806393665494097,-0.277134680528182
-0.397085073900099,-1.87505999603732,-0.907892341143189,0.567345870810313,-0.326134621888922,-0.806393665494097,-0.277134680528182
-0.561224599877847,-0.684338350768198,-0.907892341143189,0.567345870810313,-0.326134621888922,-0.806393665494097,-0.277134680528182
0.235951218507438,-0.906729000499389,0.532212751704628,-1.75985629990205,-0.326134621888922,1.2381635021366,-0.277134680528182
0.231211480422385,-0.606416926161622,0.532212751704628,-1.75985629990205,-0.326134621888922,1.2381635021366,-0.277134680528182
-0.12663720245036,0.569301214990708,0.532212751704628,-1.75985629990205,-0.326134621888922,1.2381635021366,-0.277134680528182
0.122475163238783,0.322590369070198,0.532212751704628,-1.75985629990205,-0.326134621888922,1.2381635021366,-0.277134680528182
-0.0679010600190573,0.496945606427459,0.532212751704628,-1.75985629990205,-0.326134621888922,1.2381635021366,-0.277134680528182
0.0252925360932738,0.612254795325079,0.532212751704628,-1.75985629990205,-0.326134621888922,1.2381635021366,-0.277134680528182
0.480202498944239,-2.33811169164193,0.532212751704628,0.567345870810313,-0.326134621888922,1.2381635021366,-0.277134680528182
0.080716312203909,0.898289341551703,0.532212751704628,0.567345870810313,-0.326134621888922,1.2381635021366,-0.277134680528182
-0.101274616121079,1.68573131568151,0.532212751704628,0.567345870810313,-0.326134621888922,1.2381635021366,-0.277134680528182
0.362977021879511,-0.465698577066205,0.532212751704628,0.567345870810313,-0.326134621888922,1.2381635021366,-0.277134680528182
-1.06768139968114,-1.60451293793126,-0.907892341143189,0.567345870810313,-0.326134621888922,1.2381635021366,3.60275084686636
-1.24006122101049,1.21384691200815,-0.907892341143189,0.567345870810313,-0.326134621888922,1.2381635021366,3.60275084686636
-1.2865258740582,1.85597268900675,-0.907892341143189,0.567345870810313,-0.326134621888922,1.2381635021366,-0.277134680528182
-1.27604168447758,1.56739722676035,-0.907892341143189,0.567345870810313,-0.326134621888922,1.2381635021366,-0.277134680528182
-1.12753846086113,-0.668124886641985,-0.907892341143189,0.567345870810313,-0.326134621888922,1.2381635021366,-0.277134680528182
-1.25846074234218,0.75394111242803,-0.907892341143189,0.567345870810313,-0.326134621888922,1.2381635021366,-0.277134680528182
-1.0600694358483,-1.55708250556204,-0.907892341143189,0.567345870810313,-0.326134621888922,1.2381635021366,-0.277134680528182
-1.29990182833729,0.635970011509689,-0.907892341143189,0.567345870810313,-0.326134621888922,1.2381635021366,-0.277134680528182
1.26566317385699,-0.124610850411022,-0.907892341143189,-1.75985629990205,-0.326134621888922,-0.806393665494097,-0.277134680528182
1.62576089278788,-1.95189245663542,-0.907892341143189,-1.75985629990205,-0.326134621888922,-0.806393665494097,-0.277134680528182
0.321434127667778,1.37743350528158,-0.907892341143189,0.567345870810313,-0.326134621888922,-0.806393665494097,-0.277134680528182
0.660602545338748,0.578133923059466,-0.907892341143189,0.567345870810313,-0.326134621888922,-0.806393665494097,-0.277134680528182
0.252361880334575,0.924424477755151,-0.907892341143189,0.567345870810313,-0.326134621888922,-0.806393665494097,-0.277134680528182
0.712164807778441,0.249387788500355,-0.907892341143189,0.567345870810313,-0.326134621888922,-0.806393665494097,-0.277134680528182
0.995513528496349,-0.276702823594976,-0.907892341143189,0.567345870810313,-0.326134621888922,-0.806393665494097,-0.277134680528182
0.724882607929851,0.0877371312419924,-0.907892341143189,0.567345870810313,-0.326134621888922,-0.806393665494097,-0.277134680528182
1.30654277211193,0.660653195701834,-0.907892341143189,-1.75985629990205,-0.326134621888922,-0.806393665494097,-0.277134680528182
1.73668145898269,-0.822515783843835,-0.907892341143189,-1.75985629990205,-0.326134621888922,-0.806393665494097,-0.277134680528182
1.54865299490215,-0.21354291110331,-0.907892341143189,-1.75985629990205,-0.326134621888922,-0.806393665494097,-0.277134680528182
0.410110112713146,1.71997318394807,-0.907892341143189,0.567345870810313,-0.326134621888922,-0.806393665494097,-0.277134680528182
0.566674696027735,0.269715116658593,-0.907892341143189,0.567345870810313,-0.326134621888922,-0.806393665494097,-0.277134680528182
0.924760931405935,0.419387169823709,-0.907892341143189,0.567345870810313,-0.326134621888922,-0.806393665494097,-0.277134680528182
0.583664327814056,1.42934078968565,-0.907892341143189,0.567345870810313,-0.326134621888922,-0.806393665494097,-0.277134680528182
1.16928987061535,-0.361158032252414,-0.907892341143189,0.567345870810313,-0.326134621888922,-0.806393665494097,-0.277134680528182
-0.53192851426991,-0.0598779899071116,-0.907892341143189,0.567345870810313,-0.326134621888922,-0.806393665494097,-0.277134680528182
-0.539425301130407,-0.1898276949187,-0.907892341143189,0.567345870810313,-0.326134621888922,-0.806393665494097,-0.277134680528182
1.80431707925909,0.725991036210454,1.97231784455245,-1.75985629990205,-0.326134621888922,1.2381635021366,-0.277134680528182
2.41360531968179,-0.949198596829992,1.97231784455245,-1.75985629990205,-0.326134621888922,1.2381635021366,-0.277134680528182
1.89346199912042,0.63028319946542,1.97231784455245,-1.75985629990205,-0.326134621888922,1.2381635021366,-0.277134680528182
-0.837447773797896,0.22216368828843,-0.907892341143189,-1.75985629990205,-0.326134621888922,1.2381635021366,-0.277134680528182
-0.949538620300969,-0.0996856742169929,-0.907892341143189,-1.75985629990205,-0.326134621888922,1.2381635021366,-0.277134680528182
1.83180735447923,-1.11835100614675,1.97231784455245,-1.75985629990205,-0.326134621888922,1.2381635021366,-0.277134680528182
1.38416176781243,0.700218888009832,1.97231784455245,-1.75985629990205,-0.326134621888922,1.2381635021366,-0.277134680528182
1.47015474642171,0.336383913177573,1.97231784455245,-1.75985629990205,-0.326134621888922,1.2381635021366,-0.277134680528182
-0.904174318685449,1.03235291059532,-0.907892341143189,-1.75985629990205,-0.326134621888922,1.2381635021366,-0.277134680528182
-0.905976015609947,-0.0299919776744651,-0.907892341143189,-1.75985629990205,-0.326134621888922,1.2381635021366,-0.277134680528182
0.632079790830824,0.475045330256977,1.97231784455245,-1.75985629990205,-0.326134621888922,-0.806393665494097,-0.277134680528182
0.436810602980082,1.99886896611912,1.97231784455245,-1.75985629990205,-0.326134621888922,-0.806393665494097,-0.277134680528182
-0.86889622907648,-0.257706451447099,-0.907892341143189,-1.75985629990205,-0.326134621888922,-0.806393665494097,-0.277134680528182
-0.932710441949091,0.742567488339493,-0.907892341143189,-1.75985629990205,-0.326134621888922,-0.806393665494097,-0.277134680528182
1.14594596639953,-1.30371687958972,1.97231784455245,-1.75985629990205,-0.326134621888922,-0.806393665494097,-0.277134680528182
-0.863965214948074,-0.0889170301331648,-0.907892341143189,-1.75985629990205,-0.326134621888922,-0.806393665494097,-0.277134680528182
-0.342911790632038,-0.0445114977874917,0.532212751704628,0.567345870810313,-0.326134621888922,-0.806393665494097,-0.277134680528182
-0.373671240808218,0.952253557971785,0.532212751704628,0.567345870810313,-0.326134621888922,-0.806393665494097,-0.277134680528182
0.0058060320851017,-1.17642908659886,0.532212751704628,0.567345870810313,-0.326134621888922,-0.806393665494097,-0.277134680528182
-0.340445769384922,1.77926122440959,0.532212751704628,0.567345870810313,-0.326134621888922,-0.806393665494097,-0.277134680528182
-0.223593589114482,0.489806842371888,0.532212751704628,0.567345870810313,-0.326134621888922,-0.806393665494097,-0.277134680528182
-0.0898062804464189,0.318960489041941,0.532212751704628,0.567345870810313,-0.326134621888922,-0.806393665494097,-0.277134680528182
0.0977604473789281,0.259188464576648,0.532212751704628,0.567345870810313,-0.326134621888922,-0.806393665494097,-0.277134680528182
-0.0387993355519481,1.17234528368508,0.532212751704628,0.567345870810313,-0.326134621888922,-0.806393665494097,-0.277134680528182
0.138385010909395,0.4418924259989,0.532212751704628,0.567345870810313,-0.326134621888922,-0.806393665494097,-0.277134680528182
1.50009664576743,0.539052214755236,1.97231784455245,0.567345870810313,3.06145725708633,-0.806393665494097,-0.277134680528182
1.548050372529,0.62834726345035,1.97231784455245,0.567345870810313,3.06145725708633,-0.806393665494097,-0.277134680528182
2.07109265634959,-0.666430942628798,1.97231784455245,0.567345870810313,3.06145725708633,-0.806393665494097,-0.277134680528182
-0.584472866071986,-0.199023390990283,0.532212751704628,-1.75985629990205,-0.326134621888922,-0.806393665494097,-0.277134680528182
-0.402973496611102,-2.30846767141117,0.532212751704628,-1.75985629990205,-0.326134621888922,-0.806393665494097,-0.277134680528182
-0.584582901215206,0.296939216870517,0.532212751704628,-1.75985629990205,-0.326134621888922,-0.806393665494097,-0.277134680528182
-0.430304375128448,-0.150020010608818,0.532212751704628,0.567345870810313,-0.326134621888922,-0.806393665494097,-0.277134680528182
-0.649550940542889,1.3927999974012,0.532212751704628,0.567345870810313,-0.326134621888922,-0.806393665494097,-0.277134680528182
-0.440315516429812,0.710261556088008,0.532212751704628,0.567345870810313,-0.326134621888922,-0.806393665494097,-0.277134680528182
0.149878027363843,-1.72659790288162,0.532212751704628,0.567345870810313,-0.326134621888922,-0.806393665494097,-0.277134680528182
0.106092267288908,-1.05736902167204,0.532212751704628,0.567345870810313,-0.326134621888922,-0.806393665494097,-0.277134680528182
-0.636814629806638,0.904823125602565,-0.907892341143189,0.567345870810313,-0.326134621888922,-0.806393665494097,-0.277134680528182
-0.585100169224922,0.162996643827847,-0.907892341143189,0.567345870810313,-0.326134621888922,-0.806393665494097,-0.277134680528182
-0.357471393975101,-0.926451348652917,-0.907892341143189,0.567345870810313,-0.326134621888922,-0.806393665494097,-0.277134680528182
-0.190887442432552,0.677229647830873,0.532212751704628,0.567345870810313,-0.326134621888922,-0.806393665494097,-0.277134680528182
0.429145164124369,-0.976180705040033,1.97231784455245,0.567345870810313,-0.326134621888922,-0.806393665494097,-0.277134680528182
0.0499455500036598,0.7059057000541,1.97231784455245,0.567345870810313,-0.326134621888922,-0.806393665494097,-0.277134680528182
0.0723207336128111,0.0619649830413701,1.97231784455245,0.567345870810313,-0.326134621888922,-0.806393665494097,-0.277134680528182
4.52502443483269,-0.52752753354751,1.97231784455245,-1.75985629990205,3.06145725708633,-0.806393665494097,-0.277134680528182
3.68926741581019,1.12527783931869,1.97231784455245,-1.75985629990205,3.06145725708633,-0.806393665494097,-0.277134680528182
-0.286750676225247,-1.47674116093663,0.532212751704628,0.567345870810313,-0.326134621888922,-0.806393665494097,-0.277134680528182
-0.524819421325243,-0.10464651025561,0.532212751704628,0.567345870810313,-0.326134621888922,-0.806393665494097,-0.277134680528182
-0.319349872861431,-1.71014244675353,0.532212751704628,0.567345870810313,-0.326134621888922,-0.806393665494097,-0.277134680528182
0.030446705605594,0.0214313227258375,0.532212751704628,0.567345870810313,-0.326134621888922,-0.806393665494097,-0.277134680528182
1.23486361741365,0.205829228161275,-0.907892341143189,-1.75985629990205,-0.326134621888922,-0.806393665494097,-0.277134680528182
1.09944120708466,0.1510180397346,-0.907892341143189,-1.75985629990205,-0.326134621888922,-0.806393665494097,-0.277134680528182
0.371981393038704,0.15803580778923,-0.907892341143189,0.567345870810313,-0.326134621888922,-0.806393665494097,-0.277134680528182
0.286257846275434,0.933378181824851,-0.907892341143189,0.567345870810313,-0.326134621888922,-0.806393665494097,-0.277134680528182
0.520192560760999,-0.470901405106707,-0.907892341143189,0.567345870810313,-0.326134621888922,-0.806393665494097,-0.277134680528182
0.469533203515204,2.00818565819165,-0.907892341143189,0.567345870810313,-0.326134621888922,-0.806393665494097,-0.277134680528182
0.964799326416446,-0.687484246792687,-0.907892341143189,0.567345870810313,-0.326134621888922,-0.806393665494097,-0.277134680528182
0.929926412942325,-0.45190503295883,-0.907892341143189,0.567345870810313,-0.326134621888922,-0.806393665494097,-0.277134680528182
-0.369614337630623,-0.491470725266828,0.532212751704628,-1.75985629990205,-0.326134621888922,1.2381635021366,-0.277134680528182
-0.688484870657902,-2.27470978714838,-0.907892341143189,-1.75985629990205,-0.326134621888922,1.2381635021366,-0.277134680528182
-0.593971881192756,1.6195465031663,0.532212751704628,-1.75985629990205,-0.326134621888922,1.2381635021366,-0.277134680528182
-0.781320595463312,-1.17969597862429,-0.907892341143189,-1.75985629990205,-0.326134621888922,1.2381635021366,-0.277134680528182
-0.243577822181705,-1.40535352038091,0.532212751704628,-1.75985629990205,-0.326134621888922,1.2381635021366,-0.277134680528182
-0.920567498293569,-0.0741555180182544,-0.907892341143189,-1.75985629990205,-0.326134621888922,1.2381635021366,-0.277134680528182
-0.68492363980771,-0.507200205389273,-0.907892341143189,-1.75985629990205,-0.326134621888922,1.2381635021366,-0.277134680528182
-0.819538782964484,0.74813330438282,-0.907892341143189,-1.75985629990205,-0.326134621888922,1.2381635021366,-0.277134680528182
-1.16731873604969,1.17609615971428,-0.907892341143189,0.567345870810313,-0.326134621888922,1.2381635021366,3.60275084686636
-1.04300370499096,0.30540893693645,-0.907892341143189,0.567345870810313,-0.326134621888922,1.2381635021366,3.60275084686636
-1.05245850038128,0.557564602899345,-0.907892341143189,0.567345870810313,-0.326134621888922,1.2381635021366,3.60275084686636
-0.239453046859695,-1.36397288805879,0.532212751704628,0.567345870810313,-0.326134621888922,1.2381635021366,3.60275084686636
-0.468461889045975,-0.0266040896480922,0.532212751704628,0.567345870810313,-0.326134621888922,1.2381635021366,3.60275084686636
-0.238735247514204,-1.69683288664992,0.532212751704628,0.567345870810313,-0.326134621888922,1.2381635021366,3.60275084686636
-0.99999538947934,-0.793234751615897,-0.907892341143189,0.567345870810313,-0.326134621888922,1.2381635021366,-0.277134680528182
-0.728216812652716,-1.04514842557691,-0.907892341143189,0.567345870810313,-0.326134621888922,1.2381635021366,-0.277134680528182
-0.180096799836228,-0.707206594946215,0.532212751704628,0.567345870810313,-0.326134621888922,1.2381635021366,-0.277134680528182
-0.645649320604792,-0.66013915057982,-0.907892341143189,0.567345870810313,-0.326134621888922,1.2381635021366,-0.277134680528182
-1.16465938202757,2.10353050693385,-0.907892341143189,0.567345870810313,-0.326134621888922,1.2381635021366,-0.277134680528182
-0.254873392397852,-1.4518159847426,0.532212751704628,0.567345870810313,-0.326134621888922,1.2381635021366,-0.277134680528182
-0.645969142376207,-1.340620659877,-0.907892341143189,0.567345870810313,-0.326134621888922,1.2381635021366,-0.277134680528182
-0.621773751257717,1.52153974240337,0.532212751704628,0.567345870810313,-0.326134621888922,1.2381635021366,-0.277134680528182
-1.14502787843815,0.484362022329503,-0.907892341143189,0.567345870810313,-0.326134621888922,1.2381635021366,-0.277134680528182
-0.707665950016202,-1.78721689935351,-0.907892341143189,-1.75985629990205,-0.326134621888922,1.2381635021366,-0.277134680528182
-0.878793221771327,0.172555327902256,-0.907892341143189,-1.75985629990205,-0.326134621888922,1.2381635021366,-0.277134680528182
-0.720294282340882,-0.172646262784952,-0.907892341143189,0.567345870810313,-0.326134621888922,1.2381635021366,-0.277134680528182
-0.772970264968492,-0.232297291249303,-0.907892341143189,0.567345870810313,-0.326134621888922,1.2381635021366,-0.277134680528182
-0.0763305746823634,-0.364182932275961,0.532212751704628,-1.75985629990205,-0.326134621888922,1.2381635021366,-0.277134680528182
-0.00467712912970129,-0.31735747991145,0.532212751704628,-1.75985629990205,-0.326134621888922,1.2381635021366,-0.277134680528182
-0.247067067424184,0.87820400539535,0.532212751704628,-1.75985629990205,-0.326134621888922,1.2381635021366,-0.277134680528182
-1.04527022326813,1.22159065606843,-0.907892341143189,0.567345870810313,-0.326134621888922,1.2381635021366,3.60275084686636
-1.03160838328984,0.177516163940874,-0.907892341143189,0.567345870810313,-0.326134621888922,1.2381635021366,3.60275084686636
-1.01648832057244,0.622781447407023,-0.907892341143189,0.567345870810313,-0.326134621888922,1.2381635021366,3.60275084686636
-0.428239416552881,0.544618030798563,0.532212751704628,0.567345870810313,-0.326134621888922,1.2381635021366,3.60275084686636
-0.336740567319302,-0.143849214560782,0.532212751704628,0.567345870810313,-0.326134621888922,1.2381635021366,3.60275084686636
-0.460324430276823,0.715585380129451,0.532212751704628,0.567345870810313,-0.326134621888922,1.2381635021366,3.60275084686636
-0.407899368910387,0.17666919193428,0.532212751704628,0.567345870810313,-0.326134621888922,1.2381635021366,-0.277134680528182
-1.03962346652588,0.292825352838493,-0.907892341143189,0.567345870810313,-0.326134621888922,1.2381635021366,-0.277134680528182
-0.498840843867095,-1.21938266693323,-0.907892341143189,0.567345870810313,-0.326134621888922,1.2381635021366,-0.277134680528182
-0.728855427829722,0.147751147709169,-0.907892341143189,0.567345870810313,-0.326134621888922,1.2381635021366,-0.277134680528182
-1.06512385387564,0.945719773920923,-0.907892341143189,0.567345870810313,-0.326134621888922,1.2381635021366,-0.277134680528182
-0.730500813148898,0.201715364129251,-0.907892341143189,0.567345870810313,-0.326134621888922,1.2381635021366,-0.277134680528182
-0.99385090367804,-0.114447186331903,-0.907892341143189,0.567345870810313,-0.326134621888922,1.2381635021366,-0.277134680528182
-0.469491283236285,0.770517564557069,0.532212751704628,0.567345870810313,-0.326134621888922,1.2381635021366,-0.277134680528182
-0.422190568773259,-0.149899014607877,0.532212751704628,0.567345870810313,-0.326134621888922,1.2381635021366,3.60275084686636
-0.789719259151884,0.879776953407594,-0.907892341143189,-1.75985629990205,-0.326134621888922,-0.806393665494097,-0.277134680528182
-0.605129650388422,-0.851796816071771,-0.907892341143189,-1.75985629990205,-0.326134621888922,-0.806393665494097,-0.277134680528182
-0.617258196922402,-0.364061936275019,-0.907892341143189,-1.75985629990205,-0.326134621888922,-0.806393665494097,-0.277134680528182
-0.612113282702502,-1.8926044161739,-0.907892341143189,0.567345870810313,-0.326134621888922,-0.806393665494097,-0.277134680528182
-0.118503857144505,-0.186439806892327,0.532212751704628,0.567345870810313,-0.326134621888922,-0.806393665494097,-0.277134680528182
-0.558750351704135,-1.76773654320187,-0.907892341143189,0.567345870810313,-0.326134621888922,-0.806393665494097,-0.277134680528182
-0.834677356266732,0.554418706874856,-0.907892341143189,0.567345870810313,-0.326134621888922,-0.806393665494097,-0.277134680528182
-0.330762676781569,0.921278581730662,0.532212751704628,0.567345870810313,-0.326134621888922,-0.806393665494097,-0.277134680528182
-0.157170412145153,0.0665628310771619,0.532212751704628,0.567345870810313,-0.326134621888922,-0.806393665494097,-0.277134680528182
0.227648192840544,0.0596660590234742,0.532212751704628,0.567345870810313,-0.326134621888922,-0.806393665494097,-0.277134680528182
0.061571225649466,0.396518925645692,0.532212751704628,0.567345870810313,-0.326134621888922,-0.806393665494097,-0.277134680528182
-0.508267873380152,-0.437748500848629,0.532212751704628,0.567345870810313,-0.326134621888922,-0.806393665494097,-0.277134680528182
-0.659933321906892,0.491379790384132,0.532212751704628,0.567345870810313,-0.326134621888922,-0.806393665494097,-0.277134680528182
-0.622098714858254,0.316540569023103,0.532212751704628,0.567345870810313,-0.326134621888922,-0.806393665494097,-0.277134680528182
1.42428140372307,-0.966138036961856,1.97231784455245,0.567345870810313,3.06145725708633,-0.806393665494097,-0.277134680528182
2.34994227658538,0.167110507859871,1.97231784455245,0.567345870810313,3.06145725708633,-0.806393665494097,-0.277134680528182
1.0439701261461,-1.08253618986795,0.532212751704628,0.567345870810313,3.06145725708633,-0.806393665494097,-0.277134680528182
2.27213920340229,0.633913079493677,1.97231784455245,0.567345870810313,3.06145725708633,-0.806393665494097,-0.277134680528182
1.5354251253018,0.219985760271476,0.532212751704628,0.567345870810313,3.06145725708633,-0.806393665494097,-0.277134680528182
1.82977119014675,1.40683553351046,1.97231784455245,0.567345870810313,3.06145725708633,-0.806393665494097,-0.277134680528182
1.47799706419924,-1.13795235829934,1.97231784455245,0.567345870810313,3.06145725708633,-0.806393665494097,-0.277134680528182
1.42802671205585,-0.787789931573513,1.97231784455245,0.567345870810313,3.06145725708633,-0.806393665494097,-0.277134680528182
1.50307067973184,0.37461864947521,0.532212751704628,0.567345870810313,3.06145725708633,-0.806393665494097,-0.277134680528182
-0.741169080212109,-0.571933065893183,-0.907892341143189,0.567345870810313,-0.326134621888922,1.2381635021366,-0.277134680528182
-0.806587543770916,0.0689827510959996,-0.907892341143189,0.567345870810313,-0.326134621888922,1.2381635021366,-0.277134680528182
-0.423369076008119,-0.490865745262118,0.532212751704628,0.567345870810313,-0.326134621888922,1.2381635021366,-0.277134680528182
-1.10370505451286,2.28756542436647,-0.907892341143189,0.567345870810313,-0.326134621888922,1.2381635021366,-0.277134680528182
-0.795888425732971,-0.316631503905799,-0.907892341143189,0.567345870810313,-0.326134621888922,1.2381635021366,-0.277134680528182
-0.915272442663294,1.35988908514501,-0.907892341143189,0.567345870810313,-0.326134621888922,1.2381635021366,-0.277134680528182
-0.704389576499392,-1.67529559848226,-0.907892341143189,0.567345870810313,-0.326134621888922,1.2381635021366,-0.277134680528182
-0.766044221140583,-0.286261507669385,-0.907892341143189,0.567345870810313,-0.326134621888922,1.2381635021366,-0.277134680528182
-0.262426739378697,-0.71458735100367,0.532212751704628,0.567345870810313,-0.326134621888922,1.2381635021366,-0.277134680528182
-0.49076920051071,-0.303563935804075,0.532212751704628,0.567345870810313,-0.326134621888922,1.2381635021366,-0.277134680528182
-1.00931649731247,1.14342723945997,-0.907892341143189,0.567345870810313,-0.326134621888922,1.2381635021366,-0.277134680528182
-0.460124927306872,-0.0558851218760292,0.532212751704628,0.567345870810313,-0.326134621888922,1.2381635021366,-0.277134680528182
-0.560137617201366,1.36025207314783,0.532212751704628,0.567345870810313,-0.326134621888922,1.2381635021366,-0.277134680528182
-0.455183629520221,-0.242097967325596,0.532212751704628,0.567345870810313,-0.326134621888922,-0.806393665494097,-0.277134680528182
-0.489752146710294,0.095722867304157,0.532212751704628,0.567345870810313,-0.326134621888922,-0.806393665494097,-0.277134680528182
-0.564219201158748,2.61425462690957,0.532212751704628,0.567345870810313,-0.326134621888922,-0.806393665494097,-0.277134680528182
-0.280786154443232,0.110121391416242,0.532212751704628,0.567345870810313,-0.326134621888922,-0.806393665494097,-0.277134680528182
-0.437616056140538,1.26369726439621,0.532212751704628,0.567345870810313,-0.326134621888922,-0.806393665494097,-0.277134680528182
-0.546282444448075,0.68219048386949,0.532212751704628,0.567345870810313,-0.326134621888922,-0.806393665494097,-0.277134680528182
-0.924123587314639,-0.341314688097944,-0.907892341143189,0.567345870810313,-0.326134621888922,-0.806393665494097,-0.277134680528182
-1.00518349506387,1.69420103574745,-0.907892341143189,0.567345870810313,-0.326134621888922,-0.806393665494097,-0.277134680528182
-0.967266618749271,1.02097928650678,-0.907892341143189,0.567345870810313,-0.326134621888922,-0.806393665494097,-0.277134680528182
-0.690176532439181,-0.175308174805673,-0.907892341143189,0.567345870810313,-0.326134621888922,-0.806393665494097,-0.277134680528182
-0.748780015679124,-0.206041159044913,-0.907892341143189,0.567345870810313,-0.326134621888922,-0.806393665494097,-0.277134680528182
-0.824854405911249,-0.607626886171041,-0.907892341143189,0.567345870810313,-0.326134621888922,-0.806393665494097,-0.277134680528182
-1.01457144667559,1.53170340648249,-0.907892341143189,0.567345870810313,-0.326134621888922,-0.806393665494097,-0.277134680528182
-0.625700051975601,-0.913262784550251,-0.907892341143189,0.567345870810313,-0.326134621888922,-0.806393665494097,-0.277134680528182
-0.163474294649247,0.861143569262543,0.532212751704628,0.567345870810313,-0.326134621888922,-0.806393665494097,-0.277134680528182
0.121464279633314,-1.33481285183179,0.532212751704628,0.567345870810313,-0.326134621888922,-0.806393665494097,-0.277134680528182
-0.199606956258363,0.968709014099882,0.532212751704628,0.567345870810313,-0.326134621888922,-0.806393665494097,-0.277134680528182
0.570928017077805,-1.8469889238188,0.532212751704628,0.567345870810313,-0.326134621888922,-0.806393665494097,-0.277134680528182
0.43487727523005,-0.30005505177676,0.532212751704628,0.567345870810313,-0.326134621888922,-0.806393665494097,-0.277134680528182
-0.66084753912486,0.521507794618662,-0.907892341143189,0.567345870810313,-0.326134621888922,-0.806393665494097,-0.277134680528182
-0.707564141799578,0.209096120186706,-0.907892341143189,0.567345870810313,-0.326134621888922,-0.806393665494097,-0.277134680528182
-0.108758034225858,0.757812984458171,0.532212751704628,-1.75985629990205,-0.326134621888922,1.2381635021366,-0.277134680528182
-0.0922692165960609,0.638873915532294,0.532212751704628,-1.75985629990205,-0.326134621888922,1.2381635021366,-0.277134680528182
0.0857902691819195,0.245878904473041,0.532212751704628,-1.75985629990205,-0.326134621888922,1.2381635021366,-0.277134680528182
0.392638177355141,-0.665341978620321,0.532212751704628,0.567345870810313,-0.326134621888922,1.2381635021366,-0.277134680528182
0.0865234940147772,1.00210391035984,0.532212751704628,0.567345870810313,-0.326134621888922,1.2381635021366,-0.277134680528182
0.212454087783774,0.363487017388556,0.532212751704628,0.567345870810313,-0.326134621888922,1.2381635021366,-0.277134680528182
-1.03983530988572,-1.84444800779902,-0.907892341143189,0.567345870810313,-0.326134621888922,1.2381635021366,3.60275084686636
-1.07629293509538,-2.38288021199043,-0.907892341143189,0.567345870810313,-0.326134621888922,1.2381635021366,3.60275084686636
-1.21318076672426,0.590717507157423,-0.907892341143189,0.567345870810313,-0.326134621888922,1.2381635021366,-0.277134680528182
-1.20479238669394,-0.0831092220879541,-0.907892341143189,0.567345870810313,-0.326134621888922,1.2381635021366,-0.277134680528182
-1.19429688508924,-0.0477783898129227,-0.907892341143189,0.567345870810313,-0.326134621888922,1.2381635021366,-0.277134680528182
